epoch,training_loss,validation_loss
1,0.3333145666389694,0.3125606171094655
2,0.3158938863292352,0.3055814282327402
3,0.30948059257737537,0.29943915957310163
