epoch,training_loss,validation_loss
1,0.5996789200150449,0.40288140474121426
