epoch,training_loss,validation_loss
1,1.1874676683674688,0.6209299186539781
