epoch,training_loss,validation_loss
1,0.7338546339584433,0.44400995855774383
