epoch,training_loss,validation_loss
1,0.3665183545153382,0.3356511006589796
2,0.33835501864754497,0.32732700210451426
3,0.3323418199083728,0.32314884890624085
