epoch,training_loss,validation_loss
1,0.662662285938859,0.6256424523618099
