epoch,training_loss,validation_loss
1,1.5835868082349263,1.2527381168759388
2,1.0763082400200858,1.035916527328284
