epoch,training_loss,validation_loss
1,0.7402260432640712,0.7310459788726724
2,0.7254779178649187,0.7281088129333828
3,0.7234332606196403,0.7255141676768012
